customer_id,customer_name,email,country
1,Justin Lopez,vwallace@gmail.com,India
2,Julie Rhodes,ifreeman@hotmail.com,India
3,Jacob Mccullough,ofloyd@gmail.com,Canada
4,Angela Jenkins,pvillarreal@gmail.com,USA
5,David Davidson,lauren56@may.net,UK
6,Christopher Richardson,housecindy@johnson.com,Canada
7,Kayla Stewart,ikelly@gmail.com,UK
8,Shannon Rodriguez,diana35@gmail.com,Canada
9,Timothy Davidson,chadharris@dennis-watson.com,UK
10,Gilbert Rodriguez,fschultz@hotmail.com,Canada
11,Patrick Ochoa,devinheath@gmail.com,USA
12,Hannah Wolf,dpope@yahoo.com,India
13,Kenneth Jones,xfranklin@hotmail.com,UK
14,Roberto Brown,festrada@long.com,Canada
15,Kathleen Underwood,chavezkristen@hotmail.com,USA
16,Alvin Murphy,samantha93@hotmail.com,USA
17,Cynthia Parker,vduffy@gmail.com,India
18,Tiffany Morrison,paulgordon@yahoo.com,Canada
19,Kelly Newman,mary52@shields-haas.biz,UK
20,Rhonda Michael,eespinoza@hotmail.com,Germany
21,Marcus Anderson,johnhayes@gmail.com,USA
22,Tiffany Kelly,phorne@gmail.com,USA
23,Jay Gregory,pnguyen@gmail.com,India
24,Stephanie Scott,travis04@gmail.com,Canada
25,Mark Ross,jason46@gmail.com,Germany
26,David Taylor,katrinaewing@gray.com,Germany
27,Michelle Shaw,cpierce@cannon.com,Germany
28,Christopher Briggs,rangelrachel@wagner.com,Canada
29,Amber Cruz,heidigordon@hotmail.com,UK
30,Donald Miller,christopher23@hotmail.com,USA
31,Daniel Vasquez,amandathompson@yahoo.com,Canada
32,Emily Oneal,stacyhobbs@yahoo.com,Germany
33,Kelly Moran,tamarawarren@petty.com,USA
34,Jason Anthony,jacqueline28@lewis-terry.com,USA
35,Matthew Guerra,robertsmatthew@smith.biz,Germany
36,Cynthia Moore,grantjanet@frazier.com,Germany
37,Sharon Escobar,brookssarah@martinez.com,USA
38,Austin Kane,raymond58@yahoo.com,India
39,Terry Lee,adavis@yahoo.com,USA
40,Deborah Hunt,alanbryant@payne.org,UK
41,Eric Jordan,eric43@cole.com,UK
42,Jonathan Barron,sjuarez@ellis-golden.com,India
43,Donna Torres,guzmancassandra@yahoo.com,Canada
44,Stacy Robinson,michelle27@hernandez-garcia.net,USA
45,William Hawkins,alewis@guerrero-george.info,UK
46,Dustin Evans,nathaniel82@reyes-gomez.com,USA
47,Robert Frederick,hannah64@kramer-barron.com,India
48,Steven Ramirez,matthewsnatalie@gmail.com,Germany
49,Ralph Harris,owatson@gmail.com,India
50,Julie Ortega,smithdennis@bailey-richard.com,India
51,William Norman,szuniga@miller-phillips.com,India
52,Nicole Wright,kimberlycastaneda@reed-warner.com,UK
53,Michael Zamora,josephgill@thompson-edwards.biz,India
54,Peter Holland,kristendonovan@rivera.com,Germany
55,Melissa Kelley,zjenkins@yahoo.com,Germany
56,John Smith,uhicks@beasley.info,Germany
57,Susan George,frederickmatthew@yahoo.com,Canada
58,Shannon Hardin,qmurphy@gmail.com,India
59,Brittany Mitchell,brenda78@jackson.com,Germany
60,Tommy Lewis,walkerteresa@ward-simmons.com,Canada
61,Jeff Benitez,scooper@johnson-burns.info,India
62,Adam Gutierrez,miguelhensley@hotmail.com,India
63,Mrs. Wanda Sutton,jason56@hotmail.com,USA
64,Jessica Baldwin,robertsonshirley@yahoo.com,India
65,Evan Kennedy,hcosta@austin.com,USA
66,Melanie Lee,brandonnorton@greene-vasquez.com,UK
67,Jose Bennett,patriciakeller@yahoo.com,UK
68,Patricia Espinoza,harriszachary@ellis-robertson.com,Canada
69,Mark Day,iblair@gross.com,USA
70,Charlene Gonzalez,emontgomery@gmail.com,UK
71,Charles Jones,susan51@hotmail.com,UK
72,Melissa Whitaker,llyons@gmail.com,UK
73,Alice Russell,charles31@gutierrez-stevens.com,India
74,Cassandra Murphy,bbrown@gmail.com,USA
75,Jonathan Morgan,porterjessica@hotmail.com,UK
76,Angela Coleman,ryan43@bryant.com,USA
77,Juan Gregory,gonzalezdavid@yahoo.com,Germany
78,Holly Thomas,markwilson@ross-jensen.com,Germany
79,Robert Carlson,adamsjohn@wells.com,India
80,Dillon Ramos,kimberlywang@smith.com,Germany
81,Jennifer Hamilton,georgegonzalez@lee-thornton.com,Canada
82,Todd Medina,stephenmoreno@hotmail.com,USA
83,Sara Reynolds,thomasmaldonado@carpenter-morris.net,UK
84,Mary Hernandez,masonlopez@gmail.com,Canada
85,Brandon Spencer,jonesandrew@yahoo.com,Canada
86,Karen Ellis,corey34@lopez.org,Germany
87,Brandon Olson,andrew57@gmail.com,USA
88,Tyler Allen,jasonbird@gmail.com,UK
89,Sandra James,amanda31@tucker.com,Canada
90,Jonathan Mora,melissafreeman@gmail.com,India
91,Lisa Brown,turnerchristian@gonzalez.com,UK
92,Carrie Hess,ncarney@jensen.com,Germany
93,Jennifer Holt,mayobrenda@martinez.org,USA
94,Ann Hubbard,colejohn@cooper-thompson.net,India
95,William Meza,martinwolfe@burke-lowe.com,UK
96,Patricia Rivera,cunninghamlynn@jones.net,UK
97,Christopher Adams,qblankenship@salas.info,Canada
98,Anna Day,gloverjake@gmail.com,UK
99,William Cooper,bryan63@gmail.com,USA
100,Nathan Baker,nwhite@yahoo.com,USA
